CustomerID,FullName,EmailAddress,PhoneNumber,Address,City,State,PostalCode,Country
1,Stephanie Young,nicholas21@example.org,796-406-2079x583,9207 Brandon Branch Apt. 458,Perkinston,ND,71478,Turkey
2,Angela Gray,howeamanda@example.net,001-211-598-7905x6740,559 White Vista Apt. 583,New Carlosburgh,KS,96622,Bhutan
3,Abigail Munoz,hjohnson@example.com,+1-983-613-3890,467 Steven Crescent,North Jason,WV,60037,South Africa
4,Chelsea Caldwell,karen92@example.org,342-670-0500x8574,5510 Lopez Path,Hayneston,WA,00815,Suriname
5,Damon Woods,snowwilliam@example.net,903-547-1027,0603 Jeffrey Throughway Suite 636,West William,ND,36345,Djibouti
6,Cheryl Flores,timothyschultz@example.org,348-844-5813x1873,49362 Wendy Forks Apt. 461,Holtstad,KY,36070,Germany
7,Randy Cunningham,lcurtis@example.org,(924)486-5667,5478 Alexander Islands Apt. 095,Taraview,PA,88360,Sierra Leone
8,Christopher Vargas,jasonaustin@example.net,9725587898,919 Amber Union Apt. 497,Samanthaville,HI,17633,Egypt
9,Keith Meadows,phillip45@example.net,(668)950-9102x22405,311 Lee Fort,North Christina,AS,65911,Isle of Man
10,Anne Contreras,kelsey49@example.net,(434)474-3773x195,98442 Donald Mills Suite 106,Garciahaven,NV,98375,Peru
11,Katrina Martinez,jacqueline34@example.org,+1-911-765-6716x751,453 Oconnell Inlet Suite 123,Ashleyview,UT,25165,Congo
12,Christina Galvan,roachjustin@example.com,001-426-869-9698x1672,43076 Villarreal Mountains,Diazland,MT,56193,Poland
13,Brandi Williams,grayloretta@example.com,3738085456,39762 Stephens Fields,Lake Jontown,IN,36500,Norway
14,Katelyn Carlson,wendy21@example.org,745.329.9524x412,0395 Susan Crossroad,New Alanmouth,OR,32335,New Zealand
15,Courtney Wilson,madisonnewman@example.com,(595)886-8393x166,83776 Michael Overpass,Youngport,WA,05699,Iran
16,Jonathan Vasquez,lauracarrillo@example.org,+1-389-954-1106x33063,9925 Hughes Corners Suite 722,Port Theresaville,LA,43917,Romania
17,Edward Best,brenda84@example.org,001-968-809-4904,2512 Kristin Springs Suite 458,Murphyfort,TN,48972,Tuvalu
18,Albert Nunez,bennettmargaret@example.org,+1-949-824-2638x51452,162 Timothy Trafficway,South Amy,IL,83816,Jamaica
19,Jeffery Wood,lisa52@example.org,(664)605-0174x149,9493 Russell Coves Apt. 885,Duncanport,NE,20716,Tajikistan
20,Brent Santos,fbarnett@example.net,(394)425-3905x049,2089 Cheryl Roads Suite 064,Jackiebury,MO,52306,Bermuda
21,Traci Bush,robertmoore@example.net,9335074881,041 Heather Prairie,North Allisontown,IL,66718,Honduras
22,Laura Garcia,phillipsethan@example.com,+1-332-780-8816x84813,9665 Nichols Street,Denniston,RI,10008,Ethiopia
23,Mark Villa,dayryan@example.com,431-950-6488x47318,291 Walker Mission Apt. 040,New Calvin,CO,26731,Liechtenstein
24,Steven Riggs,traviswalls@example.net,001-581-863-3208x67133,8730 Schmidt Meadow Apt. 383,Josephfurt,ME,83695,Montserrat
25,Mark Fischer,kathryndawson@example.org,800.745.7680x249,84297 Johnston Squares,South Nathanville,MA,33793,Chile
26,Dana Miller,cthompson@example.net,+1-621-516-3872x695,964 Duncan Lodge,Port Timothy,RI,33927,Latvia
27,Dale Oliver,tuckermario@example.net,762-994-7815x46879,03183 Heather Parkways,North Krista,KS,96442,Mongolia
28,Tiffany Nixon,joseph02@example.org,001-578-289-0465x0295,17502 Billy Pine Apt. 717,North Hectorbury,ID,04051,Saudi Arabia
29,Jon Reed,brandon17@example.net,001-226-724-1045x32575,90866 Coleman Drives Suite 225,West Karahaven,MN,10362,Burundi
30,Frank Hart,jacksonbarbara@example.net,+1-348-554-5921x45226,52433 Katherine Ports Suite 335,East Marystad,UT,17159,Saint Lucia
31,Tracey Marsh,kristinblair@example.net,001-713-580-3451x23392,043 Matthew Street Suite 113,Blankenshipstad,OK,54085,Suriname
32,Sara Reyes,ibaldwin@example.com,(452)542-0163,83688 Eddie Dam,Colemanstad,ID,24495,Guinea-Bissau
33,Gregory Howard,cody40@example.net,+1-842-509-3423x2567,7200 Williams Streets Apt. 143,Lisaport,MD,60869,Bermuda
34,David Sims,jdavis@example.net,+1-719-890-4011x564,22042 Melissa Crescent Apt. 974,North Clifford,DC,35310,Uzbekistan
35,Jose Brown,monica51@example.org,292.502.9201,7097 Joseph Track,Wattsmouth,MN,85638,Guyana
36,Ashley Nunez,kirk71@example.net,001-512-701-6670,3363 Greer Mount Suite 668,Christineton,UT,59150,Armenia
37,Jill Wagner,james16@example.com,7877465715,10019 Scott Neck,Mitchellborough,PR,75125,Tunisia
38,John Taylor,phillip09@example.net,(965)223-6365,7712 Chan Rue Apt. 578,North James,DE,31975,Korea
39,John Fowler,williamsdavid@example.net,239.267.9443x356,541 Guerra Court Suite 332,Lake Vanessa,AR,93507,Greece
40,Maria Cooley,gomezcrystal@example.net,001-285-430-3643,3144 Vance Mall Apt. 092,West Thomas,MN,31587,South Africa
41,Karen Cisneros,scott31@example.net,560.551.8976x511,35126 Huynh Village Apt. 553,Dennisberg,RI,56482,Montenegro
42,Kimberly Taylor,vcollins@example.org,651-875-3097,869 Michael Lane,South Carloshaven,FM,58183,Hong Kong
43,Sarah Brown,andrewstammy@example.org,001-364-372-2613x3704,3924 Ryan Pine Apt. 971,New Elizabeth,VT,06752,North Macedonia
44,Todd Deleon,patricia46@example.net,(496)322-4347,40381 Erik Camp,Port Patricia,MA,65681,Guinea-Bissau
45,James Fitzgerald,tamarariddle@example.com,+1-704-335-1138,2975 Penny Shoal Suite 096,Gonzaleztown,AL,19851,Finland
46,Jessica Gallegos,cbrown@example.com,+1-302-265-9589,873 Lisa Valleys Suite 988,Lucasfurt,AS,46275,Cyprus
47,Phillip Turner,nicole70@example.com,(234)646-5188x64319,12627 Mary Harbors Suite 160,Frenchmouth,FM,97036,Mauritania
48,Jeffrey Sharp,deanbrittany@example.com,001-969-395-7214x2269,874 Kathryn Squares,Portermouth,SD,92726,China
49,Shelby Price,valerieramirez@example.org,(562)757-9218x614,5206 Greene Fall Suite 629,Mikaylabury,WA,88992,Maldives
50,Cynthia Ramirez,marquezangela@example.org,001-871-539-0575x638,126 Christine Hill Suite 291,Danielmouth,NV,38665,Bouvet Island (Bouvetoya)